"tsQuantity","NVP_DW_Customer_custId","tsCreatedFirst","tsCreatedLast"
3,1,18-FEB-19,24-JAN-20
13,2,14-JAN-19,14-FEB-21
15,3,03-JAN-19,10-MAR-21
5,4,13-JAN-20,21-FEB-21
12,5,05-JAN-19,04-FEB-21
11,6,04-JAN-19,13-MAR-21
9,7,04-JAN-19,19-MAR-21
7,8,06-FEB-19,28-FEB-21
9,9,14-JAN-19,15-MAR-21
11,10,04-FEB-19,09-MAR-21
13,11,01-JAN-19,23-MAR-21
8,12,18-FEB-19,22-JAN-21
7,13,15-JAN-19,05-MAR-21
14,14,20-JAN-19,15-MAR-21
11,15,03-JAN-19,31-DEC-20
11,16,11-MAR-19,16-MAR-21
6,17,21-JAN-19,20-FEB-21
8,18,02-JAN-19,22-FEB-21
5,19,22-JAN-19,22-JAN-21
10,20,09-JAN-19,23-FEB-21
13,21,05-JAN-19,16-MAR-21
14,22,21-JAN-19,02-MAR-21
9,23,05-JAN-20,24-MAR-21
11,24,13-FEB-19,20-FEB-21
7,25,18-FEB-19,07-MAR-21
15,26,13-JAN-19,18-MAR-21
14,27,31-DEC-18,24-FEB-21
12,28,06-JAN-19,22-MAR-21
8,29,04-JAN-19,24-MAR-21
10,30,01-FEB-19,08-MAR-21
15,31,03-FEB-19,22-MAR-21
16,32,02-JAN-19,16-FEB-21
5,33,01-JAN-19,18-FEB-21
15,34,02-JAN-19,04-FEB-21
18,35,02-JAN-19,19-FEB-21
7,36,16-JAN-19,01-MAR-21
15,37,03-MAR-19,08-MAR-21
10,38,05-JAN-19,16-MAR-21
5,39,06-JAN-19,24-MAR-21
10,40,28-FEB-19,18-FEB-21
10,41,17-JAN-19,16-FEB-21
14,42,02-JAN-19,23-MAR-21
14,43,06-JAN-19,22-MAR-21
9,44,03-JAN-19,13-JAN-21
9,45,21-FEB-19,15-MAR-21
7,46,21-JAN-19,20-JAN-21
14,47,31-DEC-18,18-MAR-21
12,48,12-JAN-19,17-FEB-21
9,49,08-FEB-19,09-FEB-21
9,50,05-JAN-19,22-MAR-21
7,51,04-MAR-19,12-JAN-21
10,52,10-JAN-19,21-FEB-21
9,53,17-JAN-19,19-MAR-21
13,54,03-FEB-19,31-DEC-20
6,55,31-JAN-19,22-FEB-21
8,56,31-DEC-18,19-FEB-21
6,57,21-FEB-19,17-FEB-21
13,58,05-MAR-19,21-FEB-21
3,59,12-JAN-21,22-FEB-21
11,60,15-JAN-19,14-MAR-21
5,61,18-JAN-19,15-FEB-21
9,62,08-FEB-19,02-MAR-21
14,63,24-JAN-19,13-FEB-21
11,64,02-JAN-19,02-JAN-21
8,65,03-JAN-19,06-MAR-21
12,66,13-JAN-19,24-MAR-21
11,67,10-FEB-19,22-MAR-21
9,68,31-DEC-18,16-JAN-20
12,69,31-JAN-19,16-MAR-21
6,70,08-JAN-19,23-MAR-21
8,71,11-JAN-19,23-FEB-21
6,72,01-MAR-19,23-MAR-21
13,73,10-JAN-19,19-FEB-21
12,74,10-JAN-19,18-MAR-21
10,75,15-JAN-19,05-MAR-21
9,76,04-MAR-19,21-MAR-21
6,77,05-MAR-19,03-FEB-21
8,78,04-JAN-19,12-FEB-21
10,79,10-FEB-19,17-MAR-21
10,80,05-JAN-19,24-MAR-21
11,81,08-JAN-19,24-MAR-21
12,82,11-FEB-19,21-MAR-21
6,83,12-JAN-19,16-JAN-21
4,84,08-MAR-19,13-MAR-21
14,85,02-JAN-19,22-MAR-20
11,86,07-JAN-19,18-MAR-21
10,87,22-FEB-19,28-FEB-21
12,88,14-JAN-19,20-MAR-21
12,89,04-JAN-19,09-MAR-21
17,90,01-JAN-19,16-MAR-21
11,91,11-JAN-19,12-FEB-21
10,92,06-FEB-19,06-MAR-21
12,93,31-JAN-19,16-MAR-21
8,94,21-JAN-19,20-FEB-21
10,95,21-JAN-19,04-FEB-21
15,96,06-JAN-19,13-MAR-21
9,97,16-JAN-19,22-FEB-21
10,98,04-FEB-19,11-FEB-21
13,99,03-JAN-19,16-MAR-21
9,100,24-FEB-19,23-MAR-21
8,101,08-FEB-19,04-MAR-21
10,102,20-JAN-19,20-MAR-21
8,103,03-JAN-19,07-MAR-21
11,104,18-JAN-19,13-MAR-21
15,105,03-JAN-19,08-MAR-21
19,106,02-JAN-20,21-MAR-21
14,107,31-DEC-18,12-MAR-21
9,108,04-MAR-19,18-MAR-21
10,109,23-FEB-19,11-MAR-21
10,110,21-JAN-19,22-FEB-21
11,111,05-JAN-19,10-FEB-21
4,112,11-MAR-20,24-MAR-21
8,113,23-JAN-19,10-MAR-21
15,114,09-JAN-19,15-MAR-21
6,115,31-JAN-19,22-MAR-21
10,116,13-JAN-19,24-MAR-21
12,117,06-JAN-19,24-MAR-21
10,118,10-JAN-19,14-MAR-21
10,119,21-JAN-19,21-FEB-21
7,120,04-FEB-19,23-MAR-21
8,121,11-JAN-19,10-MAR-21
9,122,17-JAN-19,10-MAR-21
10,123,31-JAN-19,21-MAR-21
9,124,01-FEB-19,16-MAR-21
14,125,03-FEB-19,23-MAR-21
13,126,06-JAN-19,19-MAR-21
6,127,01-JAN-19,13-MAR-21
9,128,12-MAR-19,18-MAR-21
9,129,03-JAN-19,24-MAR-21
13,130,31-DEC-18,02-MAR-21
10,131,02-FEB-19,16-MAR-21
5,132,17-JAN-19,04-JAN-21
15,133,20-JAN-19,24-MAR-21
9,134,12-JAN-19,21-FEB-21
7,135,31-DEC-18,13-FEB-21
9,136,23-FEB-19,11-MAR-21
7,137,05-JAN-19,02-FEB-21
10,138,14-JAN-19,06-MAR-21
8,139,31-JAN-19,01-MAR-21
8,140,07-JAN-19,18-MAR-21
4,141,06-JAN-19,22-JAN-21
7,142,14-JAN-19,22-MAR-21
9,143,19-JAN-19,02-MAR-21
10,144,24-JAN-19,20-MAR-21
8,145,03-MAR-19,15-MAR-21
8,146,06-JAN-19,09-MAR-21
9,147,18-JAN-19,18-FEB-21
8,148,16-FEB-19,13-MAR-21
9,149,31-DEC-18,21-MAR-21
11,150,23-FEB-19,10-MAR-21
6,151,07-FEB-20,12-MAR-21
10,152,03-MAR-20,03-MAR-21
11,153,12-JAN-19,06-MAR-21
7,154,21-JAN-19,20-FEB-21
12,155,18-JAN-19,13-FEB-21
9,156,02-JAN-19,19-FEB-21
9,157,02-JAN-19,17-MAR-21
13,158,05-JAN-19,18-MAR-21
7,159,17-FEB-19,24-MAR-20
5,160,10-FEB-19,16-JAN-21
19,161,17-JAN-19,05-FEB-21
9,162,05-MAR-19,12-JAN-21
7,163,03-JAN-19,14-FEB-21
11,164,13-FEB-19,05-MAR-21
15,165,04-JAN-19,19-MAR-21
9,166,06-JAN-19,18-FEB-21
12,167,11-JAN-19,06-MAR-21
8,168,11-JAN-19,14-MAR-21
5,169,06-FEB-19,23-MAR-20
10,170,02-JAN-19,04-FEB-21
8,171,01-JAN-19,08-FEB-21
13,172,03-JAN-19,20-MAR-21
10,173,08-FEB-19,24-MAR-21
12,174,01-FEB-19,18-MAR-21
8,175,22-FEB-19,10-MAR-21
9,176,19-MAR-19,18-MAR-21
15,177,01-JAN-19,17-MAR-21
11,178,05-JAN-19,19-MAR-21
12,179,03-JAN-19,11-MAR-21
12,180,03-FEB-19,10-MAR-21
6,181,19-JAN-19,12-MAR-19
6,182,04-JAN-19,20-MAR-21
7,183,21-JAN-19,09-MAR-20
10,184,07-MAR-20,24-MAR-21
7,185,10-MAR-19,12-MAR-21
12,186,07-FEB-19,20-MAR-21
8,187,10-JAN-19,03-JAN-21
7,188,21-JAN-19,22-MAR-21
10,189,09-MAR-19,05-MAR-21
12,190,31-DEC-18,18-JAN-21
9,191,13-FEB-19,20-MAR-21
12,192,21-JAN-19,17-MAR-21
9,193,10-JAN-19,23-MAR-21
11,194,02-JAN-19,14-MAR-21
7,195,20-MAR-19,22-MAR-21
13,196,02-FEB-19,18-MAR-21
6,197,13-JAN-19,05-JAN-21
8,198,17-MAR-19,21-MAR-21
10,199,11-JAN-19,03-MAR-21
15,200,01-JAN-19,19-MAR-21
13,201,15-FEB-19,18-MAR-21
8,202,06-FEB-19,19-FEB-21
11,203,08-FEB-19,22-MAR-21
9,204,21-JAN-19,14-MAR-21
12,205,31-DEC-18,19-MAR-21
9,206,04-FEB-19,04-MAR-21
8,207,02-FEB-19,13-FEB-21
11,208,04-JAN-19,20-MAR-21
17,209,06-JAN-19,10-FEB-21
9,210,22-JAN-19,17-FEB-21
13,211,01-JAN-19,15-MAR-21
12,212,17-FEB-19,15-MAR-21
12,213,24-FEB-19,17-MAR-21
9,214,05-FEB-19,09-JAN-21
6,215,01-JAN-20,18-MAR-21
14,216,02-JAN-19,09-FEB-21
15,217,07-FEB-19,12-MAR-21
12,218,15-JAN-19,22-MAR-21
7,219,14-JAN-19,18-FEB-21
7,220,20-JAN-19,16-MAR-21
7,221,05-JAN-19,21-MAR-20
8,222,18-JAN-19,11-MAR-21
12,223,11-JAN-19,08-MAR-21
12,224,07-JAN-19,19-MAR-21
13,225,18-FEB-19,13-MAR-21
12,226,19-JAN-19,16-MAR-21
12,227,31-DEC-18,15-MAR-21
8,228,09-FEB-19,05-JAN-21
11,229,11-JAN-19,01-FEB-21
8,230,12-FEB-19,31-JAN-21
17,231,21-JAN-19,19-MAR-21
9,232,02-FEB-19,13-MAR-21
10,233,01-JAN-19,23-MAR-21
9,234,06-JAN-19,14-FEB-21
10,235,03-FEB-19,14-JAN-21
15,236,08-JAN-19,07-MAR-21
11,237,09-JAN-19,13-FEB-21
14,238,14-JAN-19,19-MAR-21
10,239,02-FEB-19,23-MAR-21
9,240,04-MAR-19,19-MAR-21
10,241,19-JAN-19,24-MAR-21
7,242,31-DEC-18,03-FEB-21
11,243,01-JAN-19,24-MAR-21
7,244,14-JAN-20,18-MAR-21
7,245,13-FEB-19,05-JAN-21
16,246,08-JAN-19,17-MAR-21
12,247,10-JAN-19,24-MAR-21
18,248,18-JAN-19,16-MAR-21
13,249,02-FEB-19,15-FEB-21
7,250,04-JAN-19,10-JAN-21
8,251,03-FEB-19,06-MAR-21
13,252,17-JAN-19,23-JAN-21
7,253,09-MAR-19,12-FEB-21
17,254,08-FEB-19,13-MAR-21
15,255,11-JAN-19,08-MAR-21
11,256,10-JAN-19,10-MAR-21
9,257,02-JAN-19,20-MAR-21
13,258,12-JAN-19,22-MAR-21
15,259,01-JAN-19,24-MAR-21
4,260,01-FEB-20,15-JAN-21
10,261,31-JAN-19,21-MAR-21
6,262,11-JAN-19,22-FEB-21
4,263,03-FEB-19,13-FEB-21
14,264,01-JAN-19,22-MAR-21
5,265,18-JAN-19,20-FEB-21
11,266,04-JAN-19,16-MAR-21
7,267,04-JAN-19,09-MAR-21
8,268,02-JAN-19,08-MAR-21
10,269,05-JAN-19,22-MAR-21
8,270,12-JAN-19,11-MAR-21
11,271,04-JAN-19,03-FEB-21
11,272,06-FEB-19,04-FEB-21
15,273,31-DEC-18,05-MAR-21
8,274,09-FEB-19,20-FEB-21
9,275,31-DEC-18,08-MAR-21
9,276,04-MAR-19,28-FEB-21
10,277,02-JAN-19,16-MAR-21
3,278,04-MAR-19,11-MAR-20
16,279,18-JAN-19,20-FEB-21
10,280,19-JAN-19,13-FEB-21
3,281,23-FEB-19,12-MAR-21
9,282,13-FEB-19,11-MAR-21
15,283,06-JAN-19,23-FEB-21
9,284,06-JAN-19,18-MAR-21
10,285,03-JAN-19,12-MAR-21
16,286,19-FEB-19,22-MAR-21
6,287,24-MAR-19,17-MAR-21
12,288,07-MAR-19,11-MAR-21
8,289,12-FEB-19,10-MAR-21
8,290,11-JAN-20,05-MAR-21
10,291,15-JAN-19,07-MAR-21
10,292,31-DEC-18,21-MAR-21
9,293,01-JAN-19,16-JAN-21
9,294,03-FEB-19,18-MAR-21
9,295,11-FEB-19,01-MAR-21
13,296,02-JAN-19,15-MAR-21
11,297,31-DEC-18,10-MAR-21
9,298,16-JAN-19,01-MAR-21
10,299,31-JAN-19,04-MAR-21
10,300,09-JAN-19,09-MAR-21
13,301,08-MAR-19,23-MAR-21
14,302,31-JAN-19,20-MAR-21
9,303,31-DEC-18,02-MAR-21
13,304,04-JAN-19,20-MAR-21
7,305,11-JAN-19,06-MAR-21
7,306,11-JAN-19,16-MAR-21
12,307,24-JAN-19,21-MAR-21
7,308,18-FEB-19,24-FEB-21
11,309,13-JAN-19,28-FEB-21
8,310,18-FEB-20,01-MAR-21
6,311,15-FEB-19,16-MAR-21
7,312,15-JAN-20,15-MAR-21
15,313,03-JAN-19,20-MAR-21
5,314,10-JAN-19,08-FEB-20
7,315,24-JAN-19,01-MAR-20
11,316,02-FEB-19,05-MAR-21
13,317,04-JAN-19,18-MAR-21
8,318,20-MAR-19,10-MAR-21
5,319,13-MAR-19,08-MAR-21
9,320,06-MAR-19,06-FEB-21
13,321,11-FEB-19,02-MAR-21
9,322,08-MAR-19,16-MAR-21
9,323,11-JAN-19,08-MAR-21
11,324,10-JAN-19,05-FEB-21
14,325,04-JAN-19,21-MAR-21
11,326,15-JAN-19,23-MAR-21
11,327,03-JAN-19,18-MAR-21
15,328,18-JAN-19,19-FEB-21
11,329,10-JAN-19,23-FEB-21
14,330,31-DEC-18,01-MAR-21
13,331,07-JAN-19,18-MAR-21
5,332,08-FEB-19,12-MAR-21
8,333,01-FEB-19,09-MAR-21
8,334,13-JAN-19,18-MAR-20
12,335,11-JAN-19,06-FEB-21
7,336,01-FEB-19,20-MAR-20
14,337,16-JAN-19,24-MAR-21
12,338,18-FEB-19,22-FEB-21
8,339,23-JAN-19,23-FEB-21
6,340,06-JAN-19,15-MAR-21
12,341,12-JAN-19,04-MAR-21
15,342,09-FEB-19,17-MAR-21
13,343,04-FEB-19,24-MAR-21
11,344,11-JAN-19,19-MAR-21
11,345,16-FEB-19,22-FEB-21
12,346,07-JAN-19,17-MAR-21
11,347,12-JAN-19,15-MAR-21
13,348,22-JAN-19,15-MAR-21
12,349,14-JAN-19,13-MAR-21
11,350,13-JAN-19,05-MAR-21
3,351,09-JAN-19,07-MAR-21
12,352,07-JAN-19,20-JAN-21
10,353,19-JAN-19,16-MAR-21
16,354,13-JAN-19,09-MAR-21
12,355,16-JAN-19,23-FEB-21
10,356,09-JAN-19,10-MAR-21
11,357,31-JAN-19,23-MAR-21
9,358,11-JAN-20,23-MAR-21
8,359,07-JAN-19,13-MAR-21
14,360,06-JAN-19,17-MAR-21
14,361,03-JAN-19,11-MAR-21
7,362,09-MAR-19,15-FEB-21
8,363,31-JAN-19,15-FEB-21
10,364,04-MAR-19,24-MAR-21
10,365,17-JAN-19,09-MAR-21
11,366,04-JAN-19,24-JAN-21
17,367,01-JAN-19,20-FEB-21
12,368,19-JAN-19,23-FEB-21
4,369,24-MAR-19,21-MAR-21
10,370,04-JAN-19,21-FEB-21
12,371,11-FEB-19,15-MAR-21
16,372,13-JAN-19,04-MAR-21
8,373,10-JAN-19,17-MAR-21
5,374,06-MAR-19,04-MAR-21
9,375,14-JAN-19,22-MAR-20
5,376,14-FEB-19,22-MAR-21
14,377,11-JAN-19,09-MAR-21
5,378,02-JAN-19,02-JAN-21
9,379,01-FEB-19,17-MAR-21
9,380,31-DEC-18,18-MAR-21
9,381,02-JAN-19,03-MAR-21
17,382,03-JAN-19,10-MAR-21
16,383,12-JAN-19,09-MAR-21
12,384,01-JAN-19,19-MAR-21
5,385,07-MAR-19,13-MAR-20
6,386,06-MAR-19,02-MAR-21
9,387,24-FEB-19,08-MAR-21
10,388,05-FEB-19,15-MAR-21
13,389,21-JAN-19,14-MAR-21
18,390,09-JAN-19,04-MAR-21
8,391,06-JAN-19,22-MAR-21
10,392,19-FEB-20,16-MAR-21
10,393,02-JAN-19,16-MAR-21
8,394,20-MAR-19,21-MAR-21
12,395,06-JAN-19,06-FEB-21
4,396,16-JAN-19,29-FEB-20
10,397,09-JAN-19,09-MAR-21
2,398,07-JAN-19,18-JAN-19
8,399,10-JAN-19,02-MAR-21
11,400,09-FEB-19,23-FEB-21
9,401,19-FEB-19,14-MAR-21
11,402,01-FEB-19,21-MAR-20
11,403,22-JAN-19,19-MAR-21
4,404,07-JAN-19,14-JAN-21
16,405,07-JAN-19,14-MAR-21
13,406,20-JAN-19,14-MAR-21
11,407,16-JAN-19,19-MAR-21
12,408,23-JAN-19,18-MAR-21
19,409,20-JAN-19,12-MAR-21
13,410,08-JAN-19,24-MAR-21
8,411,09-JAN-19,14-MAR-21
11,412,09-FEB-20,18-MAR-21
16,413,22-JAN-19,23-MAR-21
9,414,03-FEB-19,11-JAN-21
14,415,08-FEB-19,24-MAR-21
16,416,13-JAN-19,18-FEB-21
12,417,06-JAN-19,09-MAR-21
7,418,09-FEB-19,31-JAN-21
11,419,12-FEB-19,19-MAR-21
4,420,22-FEB-19,07-FEB-20
10,421,31-JAN-19,16-MAR-20
11,422,18-JAN-19,13-MAR-20
11,423,02-JAN-19,01-MAR-21
10,424,13-JAN-19,31-JAN-21
9,425,02-JAN-19,18-MAR-21
6,426,08-MAR-19,18-MAR-21
6,427,01-FEB-19,17-FEB-20
13,428,14-JAN-19,24-MAR-21
8,429,09-JAN-19,19-MAR-21
10,430,09-FEB-19,23-FEB-21
10,431,18-FEB-19,13-MAR-21
12,432,31-JAN-19,18-MAR-21
15,433,01-JAN-19,01-MAR-21
6,434,03-MAR-19,23-MAR-21
8,435,04-JAN-19,12-MAR-21
7,436,12-JAN-19,21-MAR-21
8,437,15-FEB-19,03-MAR-21
18,438,01-JAN-19,24-MAR-21
11,439,08-FEB-19,07-MAR-21
6,440,18-FEB-19,21-JAN-21
15,441,02-JAN-19,04-MAR-21
12,442,17-JAN-19,20-MAR-21
12,443,21-JAN-19,20-FEB-21
2,444,11-MAR-20,18-MAR-21
8,445,19-JAN-19,21-FEB-21
8,446,06-JAN-20,12-MAR-21
13,447,31-JAN-19,07-MAR-21
10,448,01-JAN-19,11-MAR-21
11,449,01-JAN-20,07-MAR-21
13,450,05-JAN-19,22-MAR-21
10,451,09-FEB-19,13-MAR-21
8,452,04-MAR-19,19-FEB-21
3,453,22-MAR-20,14-MAR-21
8,454,04-JAN-19,21-FEB-20
10,455,05-JAN-19,22-JAN-21
10,456,01-FEB-19,22-MAR-21
12,457,03-FEB-19,08-MAR-21
10,458,03-FEB-19,21-MAR-21
18,459,01-JAN-19,08-MAR-21
11,460,31-DEC-18,19-FEB-21
10,461,01-FEB-19,21-MAR-21
11,462,10-JAN-19,17-MAR-21
8,463,13-FEB-19,20-MAR-21
10,464,18-JAN-19,12-MAR-21
9,465,08-JAN-20,18-MAR-21
7,466,16-JAN-19,01-JAN-21
11,467,04-JAN-19,20-MAR-21
6,468,02-MAR-20,23-MAR-21
7,469,07-FEB-19,23-MAR-21
11,470,07-FEB-19,13-MAR-21
7,471,24-JAN-20,22-MAR-21
7,472,20-FEB-19,10-MAR-21
11,473,08-JAN-19,14-MAR-21
11,474,01-MAR-19,01-MAR-21
8,475,08-FEB-19,04-MAR-21
10,476,15-JAN-19,20-FEB-21
6,477,08-MAR-20,23-FEB-21
3,478,31-DEC-18,24-MAR-20
13,479,16-JAN-19,24-MAR-21
9,480,18-JAN-19,19-FEB-21
10,481,12-JAN-19,04-FEB-21
6,482,08-FEB-19,22-FEB-21
11,483,31-DEC-18,16-MAR-21
10,484,14-FEB-19,23-MAR-21
11,485,16-JAN-19,18-MAR-21
5,486,03-JAN-19,06-JAN-21
9,487,01-JAN-19,19-MAR-21
7,488,10-FEB-19,08-MAR-21
13,489,21-JAN-19,11-FEB-21
10,490,24-JAN-19,17-FEB-21
10,491,09-JAN-19,21-MAR-21
14,492,20-JAN-19,02-MAR-21
9,493,11-MAR-19,15-FEB-21
6,494,01-JAN-19,15-FEB-21
12,495,04-JAN-19,20-FEB-21
17,496,20-JAN-19,07-MAR-21
13,497,06-FEB-19,04-MAR-21
12,498,17-FEB-19,05-MAR-21
9,499,02-JAN-19,28-FEB-21
4,500,10-MAR-20,20-JAN-21
10,501,03-FEB-19,17-MAR-21
10,502,04-FEB-19,18-JAN-21
16,503,03-JAN-19,08-MAR-21
11,504,14-JAN-19,23-MAR-21
8,505,11-JAN-19,05-FEB-21
9,506,01-JAN-19,23-MAR-21
15,507,07-JAN-19,10-FEB-21
9,508,12-JAN-19,13-MAR-21
8,509,05-MAR-19,16-MAR-21
12,510,31-DEC-18,02-JAN-21
10,511,12-JAN-19,23-MAR-21
8,512,08-MAR-19,08-MAR-21
8,513,23-MAR-19,16-MAR-21
9,514,05-JAN-19,15-FEB-21
10,515,07-FEB-19,07-MAR-21
11,516,01-JAN-19,06-MAR-21
11,517,07-JAN-19,14-MAR-21
4,518,12-JAN-19,05-MAR-20
6,519,02-JAN-19,01-FEB-21
20,520,06-JAN-19,12-MAR-21
16,521,31-JAN-19,12-MAR-21
6,522,04-FEB-19,16-MAR-21
9,523,04-JAN-19,09-MAR-21
8,524,14-JAN-19,15-JAN-21
11,525,04-JAN-19,11-MAR-21
3,526,15-MAR-19,16-JAN-21
16,527,02-JAN-19,15-FEB-21
7,528,21-JAN-19,18-MAR-21
9,529,16-JAN-19,08-FEB-21
7,530,09-JAN-19,02-MAR-21
10,531,03-JAN-19,11-MAR-21
10,532,15-FEB-19,15-FEB-21
16,533,03-JAN-19,17-MAR-21
8,534,17-JAN-19,19-MAR-21
15,535,05-JAN-19,16-MAR-21
12,536,01-JAN-19,22-MAR-21
7,537,03-FEB-19,10-FEB-21
6,538,17-JAN-19,23-JAN-21
6,539,19-FEB-19,19-FEB-21
7,540,11-JAN-20,22-MAR-21
11,541,14-FEB-19,11-MAR-21
16,542,14-JAN-19,24-MAR-21
10,543,16-JAN-19,10-MAR-21
5,544,05-JAN-19,03-FEB-20
8,545,04-FEB-19,02-MAR-21
7,546,13-JAN-19,05-JAN-21
3,547,10-FEB-20,05-FEB-21
8,548,07-JAN-20,22-MAR-21
8,549,10-FEB-19,17-MAR-21
6,550,12-JAN-20,18-MAR-21
16,551,03-JAN-19,21-MAR-21
5,552,20-MAR-19,13-FEB-21
11,553,23-JAN-19,11-MAR-21
14,554,13-JAN-19,10-MAR-21
13,555,08-JAN-20,16-MAR-21
16,556,10-FEB-19,20-FEB-21
9,557,02-JAN-20,08-FEB-21
8,558,31-DEC-18,15-MAR-20
5,559,04-JAN-20,13-MAR-21
13,560,21-JAN-19,02-MAR-21
10,561,21-JAN-19,24-MAR-21
11,562,13-JAN-19,05-MAR-21
6,563,10-JAN-19,04-MAR-21
5,564,15-MAR-20,23-MAR-21
10,565,06-JAN-19,03-MAR-21
8,566,08-FEB-19,22-MAR-21
10,567,01-JAN-19,13-MAR-20
15,568,03-JAN-19,03-MAR-21
9,569,20-FEB-19,02-MAR-21
6,570,16-JAN-19,10-MAR-21
5,571,05-JAN-19,14-FEB-21
11,572,05-JAN-19,20-JAN-21
11,573,06-JAN-19,05-MAR-21
10,574,15-MAR-19,23-MAR-21
12,575,14-JAN-19,16-FEB-21
11,576,21-JAN-19,14-MAR-21
9,577,03-JAN-19,11-MAR-21
10,578,01-FEB-19,02-MAR-21
12,579,06-JAN-19,14-MAR-21
11,580,20-JAN-19,15-MAR-21
4,581,22-FEB-19,20-MAR-21
10,582,14-JAN-19,16-MAR-21
10,583,09-JAN-19,13-MAR-21
11,584,15-JAN-19,24-MAR-21
12,585,13-JAN-19,18-MAR-21
11,586,04-JAN-19,07-FEB-21
11,587,08-MAR-19,11-FEB-21
13,588,31-DEC-18,05-MAR-21
9,589,01-JAN-19,08-MAR-21
8,590,07-FEB-19,22-MAR-21
9,591,11-FEB-19,19-MAR-21
6,592,31-DEC-18,01-MAR-21
6,593,13-FEB-19,09-FEB-21
11,594,09-FEB-19,08-MAR-21
14,595,09-JAN-19,17-MAR-21
11,596,05-FEB-19,05-MAR-21
7,597,14-JAN-19,07-MAR-21
8,598,05-JAN-19,14-MAR-21
12,599,16-JAN-19,21-MAR-21
16,600,09-JAN-19,23-MAR-21
8,601,31-DEC-18,02-MAR-21
6,602,05-MAR-19,24-MAR-21
5,603,11-FEB-19,12-FEB-20
9,604,06-FEB-19,21-FEB-21
8,605,03-JAN-19,19-FEB-21
12,606,12-JAN-19,21-FEB-21
9,607,13-JAN-19,14-MAR-21
12,608,10-FEB-19,13-FEB-21
5,609,13-JAN-19,03-FEB-21
14,610,06-JAN-19,11-FEB-21
5,611,09-FEB-19,08-MAR-21
13,612,22-JAN-19,10-MAR-21
6,613,05-JAN-19,22-JAN-21
8,614,01-MAR-19,20-FEB-21
15,615,07-JAN-19,22-FEB-21
11,616,15-JAN-19,24-MAR-21
9,617,04-JAN-19,24-MAR-21
11,618,03-JAN-19,13-MAR-21
7,619,19-FEB-20,11-MAR-21
10,620,07-FEB-19,22-MAR-21
12,621,02-JAN-19,03-MAR-21
10,622,01-MAR-19,22-MAR-21
9,623,12-FEB-19,15-MAR-21
4,624,02-MAR-19,17-MAR-21
13,625,02-FEB-19,17-FEB-21
8,626,17-FEB-19,05-JAN-21
9,627,01-JAN-19,17-MAR-21
11,628,12-FEB-19,05-FEB-21
5,629,24-JAN-20,05-MAR-21
10,630,04-JAN-19,01-FEB-21
9,631,12-MAR-19,10-FEB-21
9,632,10-JAN-19,16-JAN-21
5,633,04-FEB-19,08-JAN-21
12,634,31-JAN-19,24-MAR-21
8,635,04-FEB-19,24-FEB-21
7,636,01-MAR-19,22-MAR-21
14,637,15-JAN-19,15-MAR-21
7,638,13-JAN-19,28-FEB-21
14,639,11-JAN-19,24-MAR-21
11,640,21-JAN-19,23-FEB-21
10,641,07-JAN-19,24-MAR-21
19,642,10-JAN-19,20-MAR-21
11,643,01-FEB-19,17-MAR-21
8,644,02-FEB-19,14-FEB-21
10,645,08-JAN-19,24-MAR-21
8,646,12-JAN-19,04-MAR-21
12,647,08-JAN-19,02-MAR-21
12,648,03-MAR-19,19-MAR-21
8,649,02-FEB-19,22-MAR-21
9,650,11-JAN-19,23-FEB-21
8,651,05-FEB-19,22-MAR-21
11,652,22-JAN-19,22-FEB-21
14,653,15-JAN-19,13-MAR-21
9,654,02-FEB-19,14-FEB-21
11,655,11-FEB-19,13-MAR-21
12,656,06-JAN-19,15-MAR-21
9,657,13-JAN-19,11-MAR-21
8,658,04-FEB-19,08-MAR-21
10,659,14-FEB-19,16-MAR-21
6,660,20-JAN-19,18-MAR-21
11,661,02-FEB-19,19-MAR-21
11,662,11-MAR-19,31-JAN-21
5,663,10-FEB-19,19-MAR-21
19,664,05-JAN-19,22-MAR-21
12,665,13-JAN-19,09-MAR-21
2,666,03-MAR-21,22-MAR-21
14,667,05-FEB-19,24-FEB-21
13,668,05-JAN-19,13-MAR-21
12,669,12-FEB-19,31-JAN-21
4,670,05-FEB-19,19-JAN-21
6,671,20-JAN-19,17-MAR-21
15,672,09-JAN-19,05-MAR-21
12,673,10-JAN-19,12-MAR-21
7,674,06-MAR-19,20-JAN-21
13,675,13-FEB-19,23-MAR-21
7,676,14-JAN-19,16-MAR-21
10,677,04-JAN-19,23-FEB-21
11,678,05-FEB-19,21-MAR-21
7,679,04-FEB-19,17-MAR-21
4,680,17-JAN-19,04-MAR-21
13,681,16-FEB-19,16-MAR-21
9,682,12-FEB-19,19-MAR-21
9,683,21-JAN-19,14-FEB-21
15,684,17-JAN-19,20-MAR-21
9,685,15-FEB-19,22-MAR-21
7,686,14-JAN-19,17-MAR-21
7,687,21-FEB-19,19-FEB-21
13,688,18-JAN-19,08-FEB-21
13,689,05-JAN-19,10-MAR-21
8,690,01-JAN-19,07-JAN-21
7,691,14-FEB-19,16-MAR-21
14,692,14-JAN-19,20-MAR-21
8,693,18-JAN-19,07-FEB-21
7,694,12-MAR-19,02-MAR-21
6,695,04-FEB-19,23-MAR-21
14,696,12-FEB-19,21-MAR-21
11,697,03-JAN-19,13-FEB-21
6,698,02-FEB-19,13-MAR-21
8,699,06-JAN-19,10-FEB-21
9,700,12-FEB-19,15-MAR-21
10,701,05-JAN-19,23-FEB-21
8,702,31-JAN-19,02-JAN-21
13,703,20-JAN-19,18-MAR-21
17,704,02-JAN-19,24-MAR-21
10,705,08-JAN-19,16-JAN-21
6,706,23-JAN-19,17-MAR-20
9,707,15-FEB-19,19-MAR-21
10,708,07-FEB-19,24-MAR-21
5,709,23-MAR-20,18-MAR-21
15,710,15-JAN-19,10-MAR-21
17,711,09-JAN-19,19-MAR-21
11,712,03-JAN-19,22-MAR-21
10,713,13-JAN-19,21-MAR-21
8,714,04-FEB-19,12-MAR-21
10,715,03-JAN-19,20-MAR-21
9,716,11-MAR-19,05-FEB-21
9,717,08-JAN-19,09-MAR-21
10,718,24-FEB-19,10-MAR-21
9,719,02-FEB-19,20-MAR-21
5,720,12-FEB-19,28-FEB-21
13,721,06-FEB-19,20-MAR-21
11,722,03-JAN-19,11-MAR-21
7,723,18-FEB-19,01-MAR-21
11,724,03-JAN-19,19-MAR-21
9,725,01-MAR-19,23-MAR-21
11,726,18-JAN-19,10-MAR-21
13,727,03-JAN-19,23-MAR-21
6,728,11-JAN-19,22-MAR-21
9,729,01-JAN-20,22-MAR-21
7,730,18-JAN-19,13-FEB-21
9,731,31-JAN-19,17-MAR-21
11,732,03-JAN-19,22-FEB-21
10,733,09-JAN-19,22-FEB-21
6,734,13-JAN-19,23-MAR-21
9,735,01-FEB-19,11-MAR-21
7,736,07-JAN-20,22-FEB-21
13,737,01-JAN-19,06-MAR-21
7,738,05-FEB-19,05-MAR-20
7,739,01-JAN-19,23-JAN-21
13,740,11-JAN-19,15-MAR-21
7,741,10-JAN-19,21-MAR-21
10,742,09-JAN-19,14-FEB-21
7,743,15-JAN-19,11-MAR-21
7,744,03-FEB-19,09-MAR-21
11,745,31-DEC-18,09-FEB-21
8,746,01-JAN-19,19-MAR-21
9,747,06-JAN-20,18-MAR-21
12,748,04-FEB-19,12-MAR-21
5,749,17-FEB-19,06-FEB-21
12,750,11-JAN-19,15-FEB-21
9,751,01-JAN-19,18-MAR-21
19,752,14-JAN-19,17-MAR-21
8,753,06-JAN-19,18-JAN-21
6,754,18-JAN-19,17-MAR-21
11,755,20-JAN-19,14-FEB-21
9,756,05-JAN-19,07-JAN-21
9,757,31-DEC-18,20-MAR-21
6,758,13-FEB-19,16-FEB-21
11,759,21-JAN-19,10-MAR-21
9,760,16-MAR-19,01-MAR-21
11,761,11-JAN-19,09-MAR-21
12,762,09-JAN-19,07-MAR-21
9,763,17-JAN-19,17-MAR-21
11,764,01-JAN-19,18-FEB-21
10,765,31-DEC-18,17-FEB-21
5,766,13-FEB-19,03-MAR-21
9,767,13-JAN-19,14-JAN-21
10,768,23-JAN-19,21-JAN-21
11,769,10-JAN-19,24-MAR-21
7,770,12-JAN-19,02-JAN-21
13,771,31-DEC-18,01-MAR-21
12,772,24-JAN-19,20-FEB-21
13,773,03-JAN-19,21-MAR-21
12,774,19-JAN-19,19-MAR-21
8,775,24-JAN-19,24-FEB-21
13,776,12-FEB-19,12-MAR-21
16,777,18-JAN-19,17-MAR-21
10,778,02-JAN-19,14-MAR-21
9,779,03-JAN-19,08-MAR-21
11,780,06-FEB-19,16-MAR-21
10,781,14-JAN-19,20-FEB-21
9,782,08-MAR-19,19-FEB-21
13,783,02-JAN-19,15-MAR-21
14,784,13-JAN-19,05-MAR-21
10,785,14-JAN-19,12-MAR-21
11,786,09-JAN-19,06-MAR-21
9,787,18-FEB-19,11-MAR-21
11,788,05-FEB-19,09-MAR-21
10,789,11-JAN-19,21-MAR-21
11,790,05-JAN-19,31-JAN-21
15,791,01-JAN-19,08-MAR-21
10,792,04-FEB-19,22-MAR-21
13,793,10-JAN-19,04-MAR-21
14,794,11-JAN-19,19-MAR-21
10,795,31-JAN-19,04-MAR-21
16,796,08-JAN-19,11-FEB-21
11,797,02-JAN-19,13-MAR-21
13,798,02-FEB-19,18-MAR-21
5,799,01-JAN-20,12-FEB-21
13,800,13-JAN-19,12-MAR-21
9,801,01-JAN-19,16-FEB-21
9,802,16-FEB-19,08-JAN-21
10,803,31-DEC-18,14-MAR-21
13,804,19-JAN-19,24-MAR-21
10,805,10-FEB-19,20-MAR-21
14,806,07-JAN-19,10-MAR-21
14,807,04-JAN-19,17-MAR-21
8,808,18-FEB-19,13-MAR-21
12,809,10-JAN-19,04-MAR-21
15,810,03-JAN-19,10-FEB-21
11,811,14-FEB-19,01-MAR-21
14,812,20-JAN-19,18-JAN-21
12,813,23-FEB-19,19-MAR-21
4,814,14-JAN-19,21-JAN-21
13,815,01-JAN-19,18-MAR-21
10,816,02-JAN-19,13-JAN-21
7,817,01-FEB-19,07-MAR-21
9,818,19-JAN-19,02-MAR-21
11,819,11-FEB-19,07-MAR-21
9,820,20-JAN-19,17-MAR-21
10,821,19-JAN-19,19-FEB-21
13,822,12-JAN-19,24-MAR-21
12,823,06-FEB-19,12-MAR-21
6,824,06-JAN-19,17-FEB-21
7,825,21-FEB-19,19-MAR-21
6,826,02-JAN-19,18-MAR-21
14,827,12-JAN-19,08-MAR-21
3,828,06-MAR-19,14-MAR-21
7,829,10-FEB-19,01-MAR-21
7,830,16-FEB-19,13-FEB-21
8,831,24-JAN-19,15-MAR-21
8,832,31-DEC-18,16-MAR-21
11,833,14-JAN-19,06-MAR-21
9,834,05-JAN-19,24-MAR-21
8,835,06-MAR-20,24-MAR-21
8,836,04-FEB-19,06-MAR-21
9,837,12-FEB-19,25-FEB-21
14,838,02-FEB-19,15-FEB-21
13,839,04-JAN-19,10-MAR-21
15,840,22-JAN-19,10-MAR-21
17,841,12-FEB-19,15-MAR-21
12,842,13-FEB-19,22-FEB-21
12,843,02-JAN-19,24-MAR-21
15,844,02-JAN-19,13-MAR-21
12,845,17-JAN-19,06-MAR-21
9,846,31-JAN-19,23-MAR-21
5,847,11-JAN-19,11-MAR-20
9,848,18-MAR-19,22-FEB-21
8,849,03-JAN-19,12-JAN-21
12,850,31-DEC-18,17-MAR-21
11,851,11-JAN-19,22-MAR-21
8,852,16-JAN-19,15-MAR-21
10,853,07-JAN-19,10-FEB-21
6,854,21-JAN-19,13-MAR-21
9,855,02-FEB-19,13-FEB-21
9,856,21-JAN-19,05-MAR-21
12,857,16-JAN-19,28-FEB-21
11,858,17-JAN-19,15-FEB-21
9,859,21-JAN-19,14-MAR-21
17,860,05-JAN-19,20-MAR-21
6,861,13-FEB-19,23-MAR-21
6,862,04-MAR-19,14-FEB-21
7,863,11-JAN-19,22-MAR-20
11,864,04-FEB-19,18-MAR-21
10,865,31-DEC-18,20-MAR-21
6,866,11-JAN-20,18-MAR-21
10,867,21-MAR-19,04-FEB-21
5,868,23-JAN-19,05-JAN-21
9,869,31-DEC-18,16-MAR-21
6,870,31-DEC-18,16-MAR-21
10,871,20-JAN-19,23-MAR-21
10,872,20-JAN-19,12-FEB-21
14,873,20-JAN-19,09-FEB-21
13,874,01-JAN-19,24-FEB-21
12,875,11-JAN-19,10-MAR-21
11,876,15-JAN-19,14-MAR-21
7,877,09-JAN-19,22-FEB-21
5,878,18-JAN-19,18-FEB-21
10,879,03-JAN-19,21-MAR-21
11,880,31-DEC-18,01-MAR-21
10,881,22-JAN-19,31-JAN-21
7,882,15-JAN-19,08-MAR-21
11,883,05-JAN-19,20-FEB-21
4,884,20-FEB-19,10-MAR-21
11,885,21-JAN-19,18-MAR-21
9,886,31-DEC-18,06-MAR-21
12,887,11-FEB-19,18-MAR-21
7,888,20-FEB-19,16-FEB-21
12,889,05-JAN-19,12-JAN-21
10,890,25-MAR-19,24-FEB-21
13,891,02-FEB-19,15-MAR-21
12,892,08-JAN-19,11-FEB-21
8,893,04-FEB-19,18-FEB-21
13,894,02-JAN-19,18-FEB-21
18,895,02-JAN-19,15-FEB-21
11,896,31-DEC-18,24-MAR-21
11,897,16-FEB-19,15-FEB-21
11,898,19-JAN-19,07-FEB-21
8,899,01-FEB-19,16-MAR-21
8,900,16-JAN-19,13-MAR-21
10,901,02-FEB-19,20-MAR-21
11,902,09-JAN-19,20-MAR-21
9,903,14-FEB-19,17-MAR-21
9,904,10-JAN-19,18-MAR-21
7,905,02-FEB-19,19-MAR-21
8,906,18-FEB-19,24-FEB-21
6,907,03-JAN-19,07-FEB-21
9,908,06-JAN-19,16-MAR-21
9,909,11-FEB-19,04-MAR-21
10,910,02-JAN-19,12-MAR-21
10,911,23-FEB-19,25-FEB-21
9,912,25-JAN-19,21-FEB-21
9,913,13-MAR-19,17-FEB-21
10,914,13-JAN-19,17-MAR-21
11,915,09-JAN-19,11-MAR-21
8,916,14-JAN-19,17-MAR-21
15,917,09-JAN-19,06-FEB-21
5,918,08-FEB-19,08-MAR-21
12,919,10-JAN-19,24-FEB-21
7,920,02-JAN-20,19-JAN-21
13,921,11-JAN-19,03-MAR-21
13,922,12-JAN-19,01-MAR-21
9,923,24-JAN-19,23-FEB-21
7,924,03-JAN-20,24-FEB-21
8,925,18-JAN-19,21-MAR-21
13,926,02-JAN-19,14-FEB-21
10,927,21-FEB-19,09-FEB-21
14,928,06-FEB-19,18-MAR-20
9,929,15-JAN-19,06-FEB-21
20,930,11-JAN-19,23-MAR-21
8,931,07-JAN-19,28-FEB-21
14,932,21-JAN-19,05-MAR-21
8,933,16-JAN-19,11-MAR-21
6,934,03-JAN-19,04-FEB-21
13,935,03-JAN-19,28-FEB-21
8,936,21-JAN-19,08-JAN-21
9,937,03-JAN-19,24-FEB-21
10,938,09-JAN-19,20-MAR-21
11,939,08-JAN-19,08-MAR-21
13,940,08-JAN-19,15-MAR-21
11,941,20-JAN-19,20-MAR-21
9,942,07-JAN-19,17-MAR-21
13,943,07-JAN-19,18-MAR-21
11,944,22-FEB-19,24-MAR-21
7,945,02-FEB-19,20-MAR-21
18,946,12-JAN-19,19-MAR-21
10,947,13-JAN-19,06-MAR-21
9,948,31-DEC-18,08-FEB-21
9,949,01-FEB-19,21-MAR-21
10,950,03-JAN-19,09-MAR-21
16,951,10-FEB-19,16-MAR-21
12,952,04-JAN-19,11-MAR-21
10,953,23-JAN-19,09-MAR-21
10,954,08-FEB-19,24-MAR-21
8,955,22-JAN-20,11-MAR-21
13,956,03-FEB-19,23-MAR-21
7,957,19-JAN-19,23-MAR-21
14,958,10-FEB-19,09-MAR-21
3,959,07-JAN-19,09-FEB-20
9,960,07-JAN-19,07-MAR-21
13,961,18-JAN-19,12-MAR-21
12,962,31-DEC-18,21-JAN-21
17,963,08-JAN-19,06-MAR-21
6,964,17-JAN-19,20-JAN-21
9,965,05-JAN-20,08-MAR-21
12,966,06-JAN-19,04-JAN-21
8,967,25-JAN-19,18-MAR-21
11,968,01-JAN-19,02-MAR-21
10,969,21-JAN-19,10-MAR-21
10,970,07-MAR-19,20-MAR-21
3,971,02-JAN-19,09-FEB-19
9,972,23-JAN-19,24-FEB-21
12,973,04-JAN-19,14-JAN-21
8,974,20-JAN-19,24-MAR-20
14,975,31-JAN-19,20-MAR-21
13,976,08-JAN-19,14-MAR-21
13,977,07-JAN-19,23-JAN-21
17,978,03-JAN-19,24-JAN-21
7,979,05-JAN-19,16-MAR-21
9,980,31-DEC-18,08-MAR-21
10,981,18-JAN-19,24-MAR-21
11,982,12-JAN-19,23-MAR-21
13,983,08-JAN-19,19-MAR-21
3,984,23-FEB-19,03-MAR-20
12,985,05-JAN-19,12-MAR-21
10,986,31-JAN-19,03-FEB-21
13,987,04-JAN-19,21-MAR-21
6,988,14-FEB-19,20-JAN-21
9,989,31-DEC-18,20-MAR-21
10,990,01-JAN-19,21-MAR-21
17,991,03-JAN-19,24-FEB-21
6,992,04-FEB-19,16-FEB-21
8,993,22-JAN-19,07-FEB-21
12,994,17-JAN-19,24-FEB-21
11,995,03-JAN-19,20-MAR-21
8,996,19-JAN-19,17-MAR-21
4,997,12-FEB-19,03-MAR-21
9,998,22-JAN-19,21-MAR-21
10,999,16-JAN-19,22-MAR-21
11,1000,04-JAN-19,20-MAR-21
